-- phpMyAdmin SQL Dump
-- version 3.4.11.1deb2+deb7u1
-- http://www.phpmyadmin.net
--
-- Host: localhost
-- Generation Time: Jun 08, 2015 at 11:01 PM
-- Server version: 5.5.43
-- PHP Version: 5.4.39-0+deb7u2

SET SQL_MODE="NO_AUTO_VALUE_ON_ZERO";
SET time_zone = "+00:00";


/*!40101 SET @OLD_CHARACTER_SET_CLIENT=@@CHARACTER_SET_CLIENT */;
/*!40101 SET @OLD_CHARACTER_SET_RESULTS=@@CHARACTER_SET_RESULTS */;
/*!40101 SET @OLD_COLLATION_CONNECTION=@@COLLATION_CONNECTION */;
/*!40101 SET NAMES utf8 */;

--
-- Database: `pong-live`
--

-- --------------------------------------------------------

--
-- Table structure for table `active`
--

CREATE TABLE IF NOT EXISTS `active` (
  `id` int(200) NOT NULL AUTO_INCREMENT,
  `p1` varchar(400) NOT NULL,
  `p2` varchar(400) NOT NULL,
  `p3` varchar(400) NOT NULL,
  `p4` varchar(400) NOT NULL,
  `t1` int(2) NOT NULL,
  `t2` int(2) NOT NULL,
  `s1` varchar(20) NOT NULL,
  `s2` varchar(20) NOT NULL,
  `s3` varchar(20) NOT NULL,
  `s4` varchar(20) NOT NULL,
  `s5` varchar(20) NOT NULL,
  `time` timestamp NOT NULL DEFAULT CURRENT_TIMESTAMP,
  PRIMARY KEY (`id`)
) ENGINE=InnoDB  DEFAULT CHARSET=latin1 AUTO_INCREMENT=239 ;

--
-- Dumping data for table `active`
--

INSERT INTO `active` (`id`, `p1`, `p2`, `p3`, `p4`, `t1`, `t2`, `s1`, `s2`, `s3`, `s4`, `s5`, `time`) VALUES
(1, 'Isaac Perez', 'David Perez', 'Player 3', 'Player 4', 0, 0, '0', '0', '0', 'none', 'none', '2015-06-08 20:13:23'),
(2, 'Derek Sanders', 'Isaac Perez', 'Player 3', 'Player 4', 0, 0, '0', '0', '0', 'none', 'none', '2015-06-08 20:13:39'),
(3, 'Isaac Perez', 'David Perez', 'Player 3', 'Player 4', 0, 0, '0', '0', '0', 'none', 'none', '2015-06-08 20:15:07'),
(4, 'Derek Sanders', 'David Perez', 'Player 3', 'Player 4', 0, 0, '0', '0', '0', 'none', 'none', '2015-06-08 20:18:10'),
(5, 'Derek Sanders', 'Jeff Chambers', 'Player 3', 'Player 4', 0, 0, '0', '0', '0', 'none', 'none', '2015-06-08 20:20:17'),
(6, 'Derek Sanders', 'Jeff Chambers', 'Player 3', 'Player 4', 0, 0, '0', '0', '0', 'none', 'none', '2015-06-08 20:22:10'),
(7, 'Derek Sanders', 'Jeff Chambers', 'Player 3', 'Player 4', 1, 0, '1 - 0', 'none', 'none', 'none', 'none', '2015-06-08 20:22:11'),
(8, 'Derek Sanders', 'Isaac Perez', 'Player 3', 'Player 4', 0, 0, '0', '0', '0', 'none', 'none', '2015-06-08 20:26:09'),
(9, 'Derek Sanders', 'Isaac Perez', 'Player 3', 'Player 4', 1, 0, '1 - 0', 'none', 'none', 'none', 'none', '2015-06-08 20:26:18'),
(10, 'Derek Sanders', 'Isaac Perez', 'Player 3', 'Player 4', 1, 1, '1 - 1', 'none', 'none', 'none', 'none', '2015-06-08 20:26:20'),
(11, 'Derek Sanders', 'Isaac Perez', 'Player 3', 'Player 4', 1, 2, '1 - 2', 'none', 'none', 'none', 'none', '2015-06-08 20:27:03'),
(12, 'Derek Sanders', 'Isaac Perez', 'Player 3', 'Player 4', 1, 3, '1 - 3', 'none', 'none', 'none', 'none', '2015-06-08 20:27:07'),
(13, 'Derek Sanders', 'Isaac Perez', 'Player 3', 'Player 4', 2, 3, '2 - 3', 'none', 'none', 'none', 'none', '2015-06-08 20:37:52'),
(14, 'Derek Sanders', 'Isaac Perez', 'Player 3', 'Player 4', 3, 3, '3 - 3', 'none', 'none', 'none', 'none', '2015-06-08 20:40:48'),
(15, 'Derek Sanders', 'Isaac Perez', 'Player 3', 'Player 4', 4, 3, '4 - 3', 'none', 'none', 'none', 'none', '2015-06-08 20:46:32'),
(16, 'Derek Sanders', 'Isaac Perez', 'Player 3', 'Player 4', 5, 3, '5 - 3', 'none', 'none', 'none', 'none', '2015-06-08 20:46:36'),
(17, 'Derek Sanders', 'Isaac Perez', 'Player 3', 'Player 4', 5, 4, '5 - 4', 'none', 'none', 'none', 'none', '2015-06-08 20:48:01'),
(18, 'Derek Sanders', 'Isaac Perez', 'Player 3', 'Player 4', 5, 5, '5 - 5', 'none', 'none', 'none', 'none', '2015-06-08 20:48:03'),
(19, 'Derek Sanders', 'Isaac Perez', 'Player 3', 'Player 4', 5, 6, '5 - 6', 'none', 'none', 'none', 'none', '2015-06-08 20:48:05'),
(20, 'Derek Sanders', 'Isaac Perez', 'Player 3', 'Player 4', 5, 7, '5 - 7', 'none', 'none', 'none', 'none', '2015-06-08 20:48:17'),
(21, 'Derek Sanders', 'Isaac Perez', 'Player 3', 'Player 4', 5, 8, '5 - 8', 'none', 'none', 'none', 'none', '2015-06-08 20:48:47'),
(22, 'Derek Sanders', 'Isaac Perez', 'Player 3', 'Player 4', 5, 9, '5 - 9', 'none', 'none', 'none', 'none', '2015-06-08 20:48:49'),
(23, 'Derek Sanders', 'Isaac Perez', 'Player 3', 'Player 4', 5, 10, '5 - 10', 'none', 'none', 'none', 'none', '2015-06-08 20:48:50'),
(24, 'Derek Sanders', 'Isaac Perez', 'Player 3', 'Player 4', 6, 10, '6 - 10', 'none', 'none', 'none', 'none', '2015-06-08 20:48:53'),
(25, 'Derek Sanders', 'Isaac Perez', 'Player 3', 'Player 4', 7, 10, '7 - 10', 'none', 'none', 'none', 'none', '2015-06-08 20:48:54'),
(26, 'Derek Sanders', 'Isaac Perez', 'Player 3', 'Player 4', 7, 11, '7 - 11', 'none', 'none', 'none', 'none', '2015-06-08 20:49:08'),
(27, 'Derek Sanders', 'Isaac Perez', 'Player 3', 'Player 4', 7, 12, '7 - 12', 'none', 'none', 'none', 'none', '2015-06-08 20:49:08'),
(28, 'Derek Sanders', 'Isaac Perez', 'Player 3', 'Player 4', 7, 13, '7 - 13', 'none', 'none', 'none', 'none', '2015-06-08 20:49:09'),
(29, 'Derek Sanders', 'Isaac Perez', 'Player 3', 'Player 4', 7, 14, '7 - 14', 'none', 'none', 'none', 'none', '2015-06-08 20:49:10'),
(30, 'Derek Sanders', 'Isaac Perez', 'Player 3', 'Player 4', 0, 0, '7 - 15', '0 - 0', 'none', 'none', 'none', '2015-06-08 20:49:12'),
(31, 'Derek Sanders', 'David Perez', 'Player 3', 'Player 4', 0, 0, '0', '0', '0', 'none', 'none', '2015-06-08 20:51:05'),
(32, 'Derek Sanders', 'David Perez', 'Player 3', 'Player 4', 0, 0, '0', '0', '0', 'none', 'none', '2015-06-08 20:53:24'),
(33, 'Derek Sanders', 'David Perez', 'Player 3', 'Player 4', 1, 0, '1 - 0', 'none', 'none', 'none', 'none', '2015-06-08 20:53:27'),
(34, 'Derek Sanders', 'David Perez', 'Player 3', 'Player 4', 2, 0, '2 - 0', 'none', 'none', 'none', 'none', '2015-06-08 20:53:31'),
(35, 'Derek Sanders', 'David Perez', 'Player 3', 'Player 4', 3, 0, '3 - 0', 'none', 'none', 'none', 'none', '2015-06-08 20:53:33'),
(36, 'Derek Sanders', 'David Perez', 'Player 3', 'Player 4', 3, 1, '3 - 1', 'none', 'none', 'none', 'none', '2015-06-08 20:53:36'),
(37, 'Derek Sanders', 'David Perez', 'Player 3', 'Player 4', 3, 2, '3 - 2', 'none', 'none', 'none', 'none', '2015-06-08 20:53:37'),
(38, 'Derek Sanders', 'David Perez', 'Player 3', 'Player 4', 3, 4, '3 - 4', 'none', 'none', 'none', 'none', '2015-06-08 20:53:40'),
(39, 'Derek Sanders', 'David Perez', 'Player 3', 'Player 4', 3, 6, '3 - 6', 'none', 'none', 'none', 'none', '2015-06-08 20:53:40'),
(40, 'Derek Sanders', 'David Perez', 'Player 3', 'Player 4', 3, 8, '3 - 8', 'none', 'none', 'none', 'none', '2015-06-08 20:53:41'),
(41, 'Derek Sanders', 'David Perez', 'Player 3', 'Player 4', 3, 10, '3 - 10', 'none', 'none', 'none', 'none', '2015-06-08 20:53:42'),
(42, 'Derek Sanders', 'David Perez', 'Player 3', 'Player 4', 3, 12, '3 - 12', 'none', 'none', 'none', 'none', '2015-06-08 20:53:43'),
(43, 'Derek Sanders', 'David Perez', 'Player 3', 'Player 4', 3, 14, '3 - 14', 'none', 'none', 'none', 'none', '2015-06-08 20:53:44'),
(44, 'Derek Sanders', 'David Perez', 'Player 3', 'Player 4', 0, 0, '3 - 16', '0 - 0', 'none', 'none', 'none', '2015-06-08 20:53:45'),
(45, 'Derek Sanders', 'David Perez', 'Player 3', 'Player 4', 0, 2, '3 - 16', '0 - 2', 'none', 'none', 'none', '2015-06-08 20:53:48'),
(46, 'Derek Sanders', 'David Perez', 'Player 3', 'Player 4', 0, 4, '3 - 16', '0 - 4', 'none', 'none', 'none', '2015-06-08 20:53:50'),
(47, 'Derek Sanders', 'David Perez', 'Player 3', 'Player 4', 0, 8, '3 - 16', '0 - 8', 'none', 'none', 'none', '2015-06-08 20:53:50'),
(48, 'Derek Sanders', 'David Perez', 'Player 3', 'Player 4', 0, 6, '3 - 16', '0 - 6', 'none', 'none', 'none', '2015-06-08 20:53:50'),
(49, 'Derek Sanders', 'David Perez', 'Player 3', 'Player 4', 0, 12, '3 - 16', '0 - 12', 'none', 'none', 'none', '2015-06-08 20:53:51'),
(50, 'Derek Sanders', 'David Perez', 'Player 3', 'Player 4', 0, 14, '3 - 16', '0 - 14', 'none', 'none', 'none', '2015-06-08 20:53:52'),
(51, 'Derek Sanders', 'David Perez', 'Player 3', 'Player 4', 0, 10, '3 - 16', '0 - 10', 'none', 'none', 'none', '2015-06-08 20:53:52'),
(52, 'Jeff Chambers', 'David Perez', 'Derek Sanders', 'Brian Beltz', 0, 0, '0', '0', '0', 'none', 'none', '2015-06-08 21:41:51'),
(53, 'Jeff Chambers', 'David Perez', 'Derek Sanders', 'Brian Beltz', 0, 1, '0 - 1', 'none', 'none', 'none', 'none', '2015-06-08 21:41:57'),
(54, 'Jeff Chambers', 'David Perez', 'Derek Sanders', 'Brian Beltz', 0, 2, '0 - 2', 'none', 'none', 'none', 'none', '2015-06-08 21:41:57'),
(55, 'Jeff Chambers', 'David Perez', 'Derek Sanders', 'Brian Beltz', 0, 3, '0 - 3', 'none', 'none', 'none', 'none', '2015-06-08 21:41:58'),
(56, 'Jeff Chambers', 'David Perez', 'Derek Sanders', 'Brian Beltz', 1, 3, '1 - 3', 'none', 'none', 'none', 'none', '2015-06-08 21:42:00'),
(57, 'Jeff Chambers', 'David Perez', 'Derek Sanders', 'Brian Beltz', 2, 3, '2 - 3', 'none', 'none', 'none', 'none', '2015-06-08 21:42:00'),
(58, 'Jeff Chambers', 'David Perez', 'Derek Sanders', 'Brian Beltz', 3, 3, '3 - 3', 'none', 'none', 'none', 'none', '2015-06-08 21:42:01'),
(59, 'Jeff Chambers', 'David Perez', 'Derek Sanders', 'Brian Beltz', 3, 4, '3 - 4', 'none', 'none', 'none', 'none', '2015-06-08 21:42:03'),
(60, 'Jeff Chambers', 'David Perez', 'Derek Sanders', 'Brian Beltz', 3, 5, '3 - 5', 'none', 'none', 'none', 'none', '2015-06-08 21:42:03'),
(61, 'Jeff Chambers', 'David Perez', 'Derek Sanders', 'Brian Beltz', 3, 6, '3 - 6', 'none', 'none', 'none', 'none', '2015-06-08 21:42:04'),
(62, 'Jeff Chambers', 'David Perez', 'Derek Sanders', 'Brian Beltz', 3, 7, '3 - 7', 'none', 'none', 'none', 'none', '2015-06-08 21:42:04'),
(63, 'Jeff Chambers', 'David Perez', 'Derek Sanders', 'Brian Beltz', 3, 8, '3 - 8', 'none', 'none', 'none', 'none', '2015-06-08 21:42:05'),
(64, 'Jeff Chambers', 'David Perez', 'Derek Sanders', 'Brian Beltz', 3, 9, '3 - 9', 'none', 'none', 'none', 'none', '2015-06-08 21:42:06'),
(65, 'Jeff Chambers', 'David Perez', 'Derek Sanders', 'Brian Beltz', 3, 10, '3 - 10', 'none', 'none', 'none', 'none', '2015-06-08 21:42:06'),
(66, 'Jeff Chambers', 'David Perez', 'Derek Sanders', 'Brian Beltz', 3, 11, '3 - 11', 'none', 'none', 'none', 'none', '2015-06-08 21:42:07'),
(67, 'Jeff Chambers', 'David Perez', 'Derek Sanders', 'Brian Beltz', 3, 12, '3 - 12', 'none', 'none', 'none', 'none', '2015-06-08 21:42:08'),
(68, 'Jeff Chambers', 'David Perez', 'Derek Sanders', 'Brian Beltz', 3, 13, '3 - 13', 'none', 'none', 'none', 'none', '2015-06-08 21:42:08'),
(69, 'Jeff Chambers', 'David Perez', 'Derek Sanders', 'Brian Beltz', 3, 14, '3 - 14', 'none', 'none', 'none', 'none', '2015-06-08 21:42:09'),
(70, 'Jeff Chambers', 'David Perez', 'Derek Sanders', 'Brian Beltz', 0, 0, '3 - 15', '0 - 0', 'none', 'none', 'none', '2015-06-08 21:42:10'),
(71, 'Jeff Chambers', 'David Perez', 'Derek Sanders', 'Brian Beltz', 0, 1, '3 - 15', '0 - 1', 'none', 'none', 'none', '2015-06-08 21:42:11'),
(72, 'Jeff Chambers', 'David Perez', 'Derek Sanders', 'Brian Beltz', 1, 1, '3 - 15', '1 - 1', 'none', 'none', 'none', '2015-06-08 21:42:19'),
(73, 'Jeff Chambers', 'David Perez', 'Derek Sanders', 'Brian Beltz', 2, 1, '3 - 15', '2 - 1', 'none', 'none', 'none', '2015-06-08 21:42:20'),
(74, 'Jeff Chambers', 'David Perez', 'Derek Sanders', 'Brian Beltz', 3, 1, '3 - 15', '3 - 1', 'none', 'none', 'none', '2015-06-08 21:42:20'),
(75, 'David Perez', 'Brian Beltz', 'Player 3', 'Player 4', 0, 0, '0', '0', '0', 'none', 'none', '2015-06-08 21:52:16'),
(76, 'none', 'none', 'none', 'none', 0, 0, 'none', 'none', 'none', 'none', 'none', '2015-06-08 22:00:59'),
(77, 'Ryan Asignacion', 'Kiernan Hopkins', 'Brian Beltz', 'David Perez', 0, 0, '0', '0', '0', 'none', 'none', '2015-06-08 22:06:29'),
(78, 'Ryan Asignacion', 'Kiernan Hopkins', 'Brian Beltz', 'David Perez', 1, 0, '1 - 0', 'none', 'none', 'none', 'none', '2015-06-08 22:07:40'),
(79, 'Ryan Asignacion', 'Kiernan Hopkins', 'Brian Beltz', 'David Perez', 2, 0, '2 - 0', 'none', 'none', 'none', 'none', '2015-06-08 22:07:58'),
(80, 'Ryan Asignacion', 'Kiernan Hopkins', 'Brian Beltz', 'David Perez', 2, 1, '2 - 1', 'none', 'none', 'none', 'none', '2015-06-08 22:08:08'),
(81, 'Ryan Asignacion', 'Kiernan Hopkins', 'Brian Beltz', 'David Perez', 3, 1, '3 - 1', 'none', 'none', 'none', 'none', '2015-06-08 22:08:19'),
(82, 'Ryan Asignacion', 'Kiernan Hopkins', 'Brian Beltz', 'David Perez', 3, 2, '3 - 2', 'none', 'none', 'none', 'none', '2015-06-08 22:08:26'),
(83, 'Ryan Asignacion', 'Kiernan Hopkins', 'Brian Beltz', 'David Perez', 4, 2, '4 - 2', 'none', 'none', 'none', 'none', '2015-06-08 22:08:39'),
(84, 'Ryan Asignacion', 'Kiernan Hopkins', 'Brian Beltz', 'David Perez', 4, 3, '4 - 3', 'none', 'none', 'none', 'none', '2015-06-08 22:08:56'),
(85, 'Ryan Asignacion', 'Kiernan Hopkins', 'Brian Beltz', 'David Perez', 4, 4, '4 - 4', 'none', 'none', 'none', 'none', '2015-06-08 22:09:18'),
(86, 'Ryan Asignacion', 'Kiernan Hopkins', 'Brian Beltz', 'David Perez', 4, 5, '4 - 5', 'none', 'none', 'none', 'none', '2015-06-08 22:09:29'),
(87, 'Ryan Asignacion', 'Kiernan Hopkins', 'Brian Beltz', 'David Perez', 5, 5, '5 - 5', 'none', 'none', 'none', 'none', '2015-06-08 22:09:40'),
(88, 'Ryan Asignacion', 'Kiernan Hopkins', 'Brian Beltz', 'David Perez', 5, 6, '5 - 6', 'none', 'none', 'none', 'none', '2015-06-08 22:09:52'),
(89, 'Ryan Asignacion', 'Kiernan Hopkins', 'Brian Beltz', 'David Perez', 6, 6, '6 - 6', 'none', 'none', 'none', 'none', '2015-06-08 22:10:04'),
(90, 'Ryan Asignacion', 'Kiernan Hopkins', 'Brian Beltz', 'David Perez', 6, 7, '6 - 7', 'none', 'none', 'none', 'none', '2015-06-08 22:10:15'),
(91, 'Ryan Asignacion', 'Kiernan Hopkins', 'Brian Beltz', 'David Perez', 6, 8, '6 - 8', 'none', 'none', 'none', 'none', '2015-06-08 22:10:24'),
(92, 'Ryan Asignacion', 'Kiernan Hopkins', 'Brian Beltz', 'David Perez', 6, 9, '6 - 9', 'none', 'none', 'none', 'none', '2015-06-08 22:10:40'),
(93, 'Ryan Asignacion', 'Kiernan Hopkins', 'Brian Beltz', 'David Perez', 6, 10, '6 - 10', 'none', 'none', 'none', 'none', '2015-06-08 22:10:52'),
(94, 'Ryan Asignacion', 'Kiernan Hopkins', 'Brian Beltz', 'David Perez', 7, 10, '7 - 10', 'none', 'none', 'none', 'none', '2015-06-08 22:11:00'),
(95, 'Ryan Asignacion', 'Kiernan Hopkins', 'Brian Beltz', 'David Perez', 8, 10, '8 - 10', 'none', 'none', 'none', 'none', '2015-06-08 22:11:10'),
(96, 'Ryan Asignacion', 'Kiernan Hopkins', 'Brian Beltz', 'David Perez', 9, 10, '9 - 10', 'none', 'none', 'none', 'none', '2015-06-08 22:11:23'),
(97, 'Ryan Asignacion', 'Kiernan Hopkins', 'Brian Beltz', 'David Perez', 9, 11, '9 - 11', 'none', 'none', 'none', 'none', '2015-06-08 22:11:33'),
(98, 'Ryan Asignacion', 'Kiernan Hopkins', 'Brian Beltz', 'David Perez', 10, 11, '10 - 11', 'none', 'none', 'none', 'none', '2015-06-08 22:11:49'),
(99, 'Ryan Asignacion', 'Kiernan Hopkins', 'Brian Beltz', 'David Perez', 10, 12, '10 - 12', 'none', 'none', 'none', 'none', '2015-06-08 22:11:59'),
(100, 'Ryan Asignacion', 'Kiernan Hopkins', 'Brian Beltz', 'David Perez', 11, 12, '11 - 12', 'none', 'none', 'none', 'none', '2015-06-08 22:12:09'),
(101, 'Ryan Asignacion', 'Kiernan Hopkins', 'Brian Beltz', 'David Perez', 12, 12, '12 - 12', 'none', 'none', 'none', 'none', '2015-06-08 22:12:17'),
(102, 'Ryan Asignacion', 'Kiernan Hopkins', 'Brian Beltz', 'David Perez', 12, 13, '12 - 13', 'none', 'none', 'none', 'none', '2015-06-08 22:12:25'),
(103, 'Ryan Asignacion', 'Kiernan Hopkins', 'Brian Beltz', 'David Perez', 13, 13, '13 - 13', 'none', 'none', 'none', 'none', '2015-06-08 22:12:40'),
(104, 'Ryan Asignacion', 'Kiernan Hopkins', 'Brian Beltz', 'David Perez', 14, 13, '14 - 13', 'none', 'none', 'none', 'none', '2015-06-08 22:12:52'),
(105, 'Ryan Asignacion', 'Kiernan Hopkins', 'Brian Beltz', 'David Perez', 14, 14, '14 - 14', 'none', 'none', 'none', 'none', '2015-06-08 22:13:00'),
(106, 'Ryan Asignacion', 'Kiernan Hopkins', 'Brian Beltz', 'David Perez', 15, 14, '15 - 14', 'none', 'none', 'none', 'none', '2015-06-08 22:13:12'),
(107, 'Ryan Asignacion', 'Kiernan Hopkins', 'Brian Beltz', 'David Perez', 16, 14, '16 - 14', 'none', 'none', 'none', 'none', '2015-06-08 22:13:24'),
(108, 'Ryan Asignacion', 'Kiernan Hopkins', 'Brian Beltz', 'David Perez', 16, 15, '16 - 15', 'none', 'none', 'none', 'none', '2015-06-08 22:13:32'),
(109, 'Ryan Asignacion', 'Kiernan Hopkins', 'Brian Beltz', 'David Perez', 17, 15, '17 - 15', 'none', 'none', 'none', 'none', '2015-06-08 22:13:50'),
(110, 'Ryan Asignacion', 'Kiernan Hopkins', 'Brian Beltz', 'David Perez', 17, 16, '17 - 16', 'none', 'none', 'none', 'none', '2015-06-08 22:14:01'),
(111, 'Ryan Asignacion', 'Kiernan Hopkins', 'Brian Beltz', 'David Perez', 17, 17, '17 - 17', 'none', 'none', 'none', 'none', '2015-06-08 22:14:12'),
(112, 'Ryan Asignacion', 'Kiernan Hopkins', 'Brian Beltz', 'David Perez', 17, 18, '17 - 18', 'none', 'none', 'none', 'none', '2015-06-08 22:14:23'),
(113, 'Ryan Asignacion', 'Kiernan Hopkins', 'Brian Beltz', 'David Perez', 17, 19, '17 - 19', 'none', 'none', 'none', 'none', '2015-06-08 22:14:38'),
(114, 'Ryan Asignacion', 'Kiernan Hopkins', 'Brian Beltz', 'David Perez', 18, 19, '18 - 19', 'none', 'none', 'none', 'none', '2015-06-08 22:14:48'),
(115, 'Ryan Asignacion', 'Kiernan Hopkins', 'Brian Beltz', 'David Perez', 19, 19, '19 - 19', 'none', 'none', 'none', 'none', '2015-06-08 22:14:59'),
(116, 'Ryan Asignacion', 'Kiernan Hopkins', 'Brian Beltz', 'David Perez', 20, 19, '20 - 19', 'none', 'none', 'none', 'none', '2015-06-08 22:15:08'),
(117, 'Ryan Asignacion', 'Kiernan Hopkins', 'Brian Beltz', 'David Perez', 21, 19, '21 - 19', 'none', 'none', 'none', 'none', '2015-06-08 22:15:24'),
(118, 'Ryan Asignacion', 'Kiernan Hopkins', 'Brian Beltz', 'David Perez', 1, 0, '21 - 19', '1 - 0', 'none', 'none', 'none', '2015-06-08 22:16:10'),
(119, 'Ryan Asignacion', 'Kiernan Hopkins', 'Brian Beltz', 'David Perez', 1, 1, '21 - 19', '1 - 1', 'none', 'none', 'none', '2015-06-08 22:16:31'),
(120, 'Ryan Asignacion', 'Kiernan Hopkins', 'Brian Beltz', 'David Perez', 2, 1, '21 - 19', '2 - 1', 'none', 'none', 'none', '2015-06-08 22:16:41'),
(121, 'Ryan Asignacion', 'Kiernan Hopkins', 'Brian Beltz', 'David Perez', 2, 2, '21 - 19', '2 - 2', 'none', 'none', 'none', '2015-06-08 22:16:54'),
(122, 'Ryan Asignacion', 'Kiernan Hopkins', 'Brian Beltz', 'David Perez', 3, 2, '21 - 19', '3 - 2', 'none', 'none', 'none', '2015-06-08 22:17:02'),
(123, 'Ryan Asignacion', 'Kiernan Hopkins', 'Brian Beltz', 'David Perez', 4, 2, '21 - 19', '4 - 2', 'none', 'none', 'none', '2015-06-08 22:17:24'),
(124, 'Ryan Asignacion', 'Kiernan Hopkins', 'Brian Beltz', 'David Perez', 4, 3, '21 - 19', '4 - 3', 'none', 'none', 'none', '2015-06-08 22:17:32'),
(125, 'Ryan Asignacion', 'Kiernan Hopkins', 'Brian Beltz', 'David Perez', 4, 4, '21 - 19', '4 - 4', 'none', 'none', 'none', '2015-06-08 22:17:33'),
(126, 'Ryan Asignacion', 'Kiernan Hopkins', 'Brian Beltz', 'David Perez', 5, 4, '21 - 19', '5 - 4', 'none', 'none', 'none', '2015-06-08 22:17:53'),
(127, 'Ryan Asignacion', 'Kiernan Hopkins', 'Brian Beltz', 'David Perez', 6, 4, '21 - 19', '6 - 4', 'none', 'none', 'none', '2015-06-08 22:18:03'),
(128, 'Ryan Asignacion', 'Kiernan Hopkins', 'Brian Beltz', 'David Perez', 7, 4, '21 - 19', '7 - 4', 'none', 'none', 'none', '2015-06-08 22:18:12'),
(129, 'Ryan Asignacion', 'Kiernan Hopkins', 'Brian Beltz', 'David Perez', 8, 4, '21 - 19', '8 - 4', 'none', 'none', 'none', '2015-06-08 22:18:30'),
(130, 'Ryan Asignacion', 'Kiernan Hopkins', 'Brian Beltz', 'David Perez', 8, 5, '21 - 19', '8 - 5', 'none', 'none', 'none', '2015-06-08 22:18:42'),
(131, 'Ryan Asignacion', 'Kiernan Hopkins', 'Brian Beltz', 'David Perez', 8, 6, '21 - 19', '8 - 6', 'none', 'none', 'none', '2015-06-08 22:19:04'),
(132, 'Ryan Asignacion', 'Kiernan Hopkins', 'Brian Beltz', 'David Perez', 8, 7, '21 - 19', '8 - 7', 'none', 'none', 'none', '2015-06-08 22:19:20'),
(133, 'Ryan Asignacion', 'Kiernan Hopkins', 'Brian Beltz', 'David Perez', 9, 7, '21 - 19', '9 - 7', 'none', 'none', 'none', '2015-06-08 22:19:36'),
(134, 'Ryan Asignacion', 'Kiernan Hopkins', 'Brian Beltz', 'David Perez', 10, 7, '21 - 19', '10 - 7', 'none', 'none', 'none', '2015-06-08 22:19:49'),
(135, 'Ryan Asignacion', 'Kiernan Hopkins', 'Brian Beltz', 'David Perez', 11, 7, '21 - 19', '11 - 7', 'none', 'none', 'none', '2015-06-08 22:20:00'),
(136, 'Ryan Asignacion', 'Kiernan Hopkins', 'Brian Beltz', 'David Perez', 11, 8, '21 - 19', '11 - 8', 'none', 'none', 'none', '2015-06-08 22:20:18'),
(137, 'Ryan Asignacion', 'Kiernan Hopkins', 'Brian Beltz', 'David Perez', 11, 9, '21 - 19', '11 - 9', 'none', 'none', 'none', '2015-06-08 22:20:30'),
(138, 'Ryan Asignacion', 'Kiernan Hopkins', 'Brian Beltz', 'David Perez', 12, 9, '21 - 19', '12 - 9', 'none', 'none', 'none', '2015-06-08 22:20:49'),
(139, 'Ryan Asignacion', 'Kiernan Hopkins', 'Brian Beltz', 'David Perez', 13, 9, '21 - 19', '13 - 9', 'none', 'none', 'none', '2015-06-08 22:20:58'),
(140, 'Ryan Asignacion', 'Kiernan Hopkins', 'Brian Beltz', 'David Perez', 14, 9, '21 - 19', '14 - 9', 'none', 'none', 'none', '2015-06-08 22:21:07'),
(141, 'Ryan Asignacion', 'Kiernan Hopkins', 'Brian Beltz', 'David Perez', 14, 10, '21 - 19', '14 - 10', 'none', 'none', 'none', '2015-06-08 22:21:17'),
(142, 'Ryan Asignacion', 'Kiernan Hopkins', 'Brian Beltz', 'David Perez', 15, 10, '21 - 19', '15 - 10', 'none', 'none', 'none', '2015-06-08 22:21:28'),
(143, 'Ryan Asignacion', 'Kiernan Hopkins', 'Brian Beltz', 'David Perez', 16, 10, '21 - 19', '16 - 10', 'none', 'none', 'none', '2015-06-08 22:21:41'),
(144, 'Ryan Asignacion', 'Kiernan Hopkins', 'Brian Beltz', 'David Perez', 16, 11, '21 - 19', '16 - 11', 'none', 'none', 'none', '2015-06-08 22:21:51'),
(145, 'Ryan Asignacion', 'Kiernan Hopkins', 'Brian Beltz', 'David Perez', 17, 11, '21 - 19', '17 - 11', 'none', 'none', 'none', '2015-06-08 22:22:01'),
(146, 'Ryan Asignacion', 'Kiernan Hopkins', 'Brian Beltz', 'David Perez', 17, 12, '21 - 19', '17 - 12', 'none', 'none', 'none', '2015-06-08 22:22:12'),
(147, 'Ryan Asignacion', 'Kiernan Hopkins', 'Brian Beltz', 'David Perez', 18, 12, '21 - 19', '18 - 12', 'none', 'none', 'none', '2015-06-08 22:22:24'),
(148, 'Ryan Asignacion', 'Kiernan Hopkins', 'Brian Beltz', 'David Perez', 19, 12, '21 - 19', '19 - 12', 'none', 'none', 'none', '2015-06-08 22:22:38'),
(149, 'Ryan Asignacion', 'Kiernan Hopkins', 'Brian Beltz', 'David Perez', 20, 12, '21 - 19', '20 - 12', 'none', 'none', 'none', '2015-06-08 22:23:05'),
(150, 'none', 'none', 'none', 'none', 0, 0, 'none', 'none', 'none', 'none', 'none', '2015-06-08 22:23:18'),
(151, 'Ryan Asignacion', 'Kiernan Hopkins', 'Brian Beltz', 'David Perez', 21, 12, '21 - 19', '21 - 12', 'none', 'none', 'none', '2015-06-08 22:23:18'),
(152, 'none', 'none', 'none', 'none', 0, 0, 'none', 'none', 'none', 'none', 'none', '2015-06-08 22:42:07'),
(153, 'Jeff Chambers', 'Tim Ronan', 'Player 3', 'Player 4', 0, 0, '0', '0', '0', 'none', 'none', '2015-06-08 22:43:17'),
(154, 'Jeff Chambers', 'Tim Ronan', 'Player 3', 'Player 4', 0, 1, '0 - 1', 'none', 'none', 'none', 'none', '2015-06-08 22:43:38'),
(155, 'Jeff Chambers', 'Tim Ronan', 'Player 3', 'Player 4', 0, 2, '0 - 2', 'none', 'none', 'none', 'none', '2015-06-08 22:43:51'),
(156, 'Jeff Chambers', 'Tim Ronan', 'Player 3', 'Player 4', 1, 2, '1 - 2', 'none', 'none', 'none', 'none', '2015-06-08 22:44:02'),
(157, 'Jeff Chambers', 'Tim Ronan', 'Player 3', 'Player 4', 1, 3, '1 - 3', 'none', 'none', 'none', 'none', '2015-06-08 22:44:07'),
(158, 'Jeff Chambers', 'Tim Ronan', 'Player 3', 'Player 4', 2, 3, '2 - 3', 'none', 'none', 'none', 'none', '2015-06-08 22:44:24'),
(159, 'Jeff Chambers', 'Tim Ronan', 'Player 3', 'Player 4', 3, 3, '3 - 3', 'none', 'none', 'none', 'none', '2015-06-08 22:44:30'),
(160, 'Jeff Chambers', 'Tim Ronan', 'Player 3', 'Player 4', 4, 3, '4 - 3', 'none', 'none', 'none', 'none', '2015-06-08 22:44:39'),
(161, 'Jeff Chambers', 'Tim Ronan', 'Player 3', 'Player 4', 5, 3, '5 - 3', 'none', 'none', 'none', 'none', '2015-06-08 22:44:48'),
(162, 'Jeff Chambers', 'Tim Ronan', 'Player 3', 'Player 4', 5, 4, '5 - 4', 'none', 'none', 'none', 'none', '2015-06-08 22:44:56'),
(163, 'Jeff Chambers', 'Tim Ronan', 'Player 3', 'Player 4', 5, 5, '5 - 5', 'none', 'none', 'none', 'none', '2015-06-08 22:45:10'),
(164, 'Jeff Chambers', 'Tim Ronan', 'Player 3', 'Player 4', 5, 6, '5 - 6', 'none', 'none', 'none', 'none', '2015-06-08 22:45:20'),
(165, 'Jeff Chambers', 'Tim Ronan', 'Player 3', 'Player 4', 5, 7, '5 - 7', 'none', 'none', 'none', 'none', '2015-06-08 22:45:29'),
(166, 'Jeff Chambers', 'Tim Ronan', 'Player 3', 'Player 4', 5, 8, '5 - 8', 'none', 'none', 'none', 'none', '2015-06-08 22:45:39'),
(167, 'Jeff Chambers', 'Tim Ronan', 'Player 3', 'Player 4', 6, 8, '6 - 8', 'none', 'none', 'none', 'none', '2015-06-08 22:45:47'),
(168, 'Jeff Chambers', 'Tim Ronan', 'Player 3', 'Player 4', 6, 9, '6 - 9', 'none', 'none', 'none', 'none', '2015-06-08 22:45:54'),
(169, 'Jeff Chambers', 'Tim Ronan', 'Player 3', 'Player 4', 6, 10, '6 - 10', 'none', 'none', 'none', 'none', '2015-06-08 22:46:13'),
(170, 'Jeff Chambers', 'Tim Ronan', 'Player 3', 'Player 4', 7, 10, '7 - 10', 'none', 'none', 'none', 'none', '2015-06-08 22:46:27'),
(171, 'Jeff Chambers', 'Tim Ronan', 'Player 3', 'Player 4', 7, 11, '7 - 11', 'none', 'none', 'none', 'none', '2015-06-08 22:46:38'),
(172, 'Jeff Chambers', 'Tim Ronan', 'Player 3', 'Player 4', 7, 12, '7 - 12', 'none', 'none', 'none', 'none', '2015-06-08 22:46:50'),
(173, 'Jeff Chambers', 'Tim Ronan', 'Player 3', 'Player 4', 8, 12, '8 - 12', 'none', 'none', 'none', 'none', '2015-06-08 22:47:06'),
(174, 'Jeff Chambers', 'Tim Ronan', 'Player 3', 'Player 4', 9, 12, '9 - 12', 'none', 'none', 'none', 'none', '2015-06-08 22:47:14'),
(175, 'Jeff Chambers', 'Tim Ronan', 'Player 3', 'Player 4', 9, 13, '9 - 13', 'none', 'none', 'none', 'none', '2015-06-08 22:47:27'),
(176, 'Jeff Chambers', 'Tim Ronan', 'Player 3', 'Player 4', 9, 14, '9 - 14', 'none', 'none', 'none', 'none', '2015-06-08 22:47:44'),
(177, 'Jeff Chambers', 'Tim Ronan', 'Player 3', 'Player 4', 10, 14, '10 - 14', 'none', 'none', 'none', 'none', '2015-06-08 22:47:54'),
(178, 'Jeff Chambers', 'Tim Ronan', 'Player 3', 'Player 4', 11, 14, '11 - 14', 'none', 'none', 'none', 'none', '2015-06-08 22:48:04'),
(179, 'Jeff Chambers', 'Tim Ronan', 'Player 3', 'Player 4', 11, 15, '11 - 15', 'none', 'none', 'none', 'none', '2015-06-08 22:48:16'),
(180, 'Jeff Chambers', 'Tim Ronan', 'Player 3', 'Player 4', 1, 0, '11 - 15', '1 - 0', 'none', 'none', 'none', '2015-06-08 22:48:27'),
(181, 'Jeff Chambers', 'Tim Ronan', 'Player 3', 'Player 4', 2, 0, '11 - 15', '2 - 0', 'none', 'none', 'none', '2015-06-08 22:48:45'),
(182, 'Jeff Chambers', 'Tim Ronan', 'Player 3', 'Player 4', 2, 1, '11 - 15', '2 - 1', 'none', 'none', 'none', '2015-06-08 22:48:56'),
(183, 'Jeff Chambers', 'Tim Ronan', 'Player 3', 'Player 4', 2, 2, '11 - 15', '2 - 2', 'none', 'none', 'none', '2015-06-08 22:49:04'),
(184, 'Jeff Chambers', 'Tim Ronan', 'Player 3', 'Player 4', 3, 2, '11 - 15', '3 - 2', 'none', 'none', 'none', '2015-06-08 22:49:15'),
(185, 'Jeff Chambers', 'Tim Ronan', 'Player 3', 'Player 4', 4, 2, '11 - 15', '4 - 2', 'none', 'none', 'none', '2015-06-08 22:49:22'),
(186, 'Jeff Chambers', 'Tim Ronan', 'Player 3', 'Player 4', 4, 3, '11 - 15', '4 - 3', 'none', 'none', 'none', '2015-06-08 22:49:36'),
(187, 'Jeff Chambers', 'Tim Ronan', 'Player 3', 'Player 4', 5, 3, '11 - 15', '5 - 3', 'none', 'none', 'none', '2015-06-08 22:49:52'),
(188, 'Jeff Chambers', 'Tim Ronan', 'Player 3', 'Player 4', 5, 4, '11 - 15', '5 - 4', 'none', 'none', 'none', '2015-06-08 22:50:02'),
(189, 'Jeff Chambers', 'Tim Ronan', 'Player 3', 'Player 4', 6, 4, '11 - 15', '6 - 4', 'none', 'none', 'none', '2015-06-08 22:50:22'),
(190, 'Jeff Chambers', 'Tim Ronan', 'Player 3', 'Player 4', 6, 5, '11 - 15', '6 - 5', 'none', 'none', 'none', '2015-06-08 22:50:34'),
(191, 'Jeff Chambers', 'Tim Ronan', 'Player 3', 'Player 4', 7, 5, '11 - 15', '7 - 5', 'none', 'none', 'none', '2015-06-08 22:50:47'),
(192, 'Jeff Chambers', 'Tim Ronan', 'Player 3', 'Player 4', 8, 5, '11 - 15', '8 - 5', 'none', 'none', 'none', '2015-06-08 22:51:01'),
(193, 'Jeff Chambers', 'Tim Ronan', 'Player 3', 'Player 4', 9, 5, '11 - 15', '9 - 5', 'none', 'none', 'none', '2015-06-08 22:51:09'),
(194, 'Jeff Chambers', 'Tim Ronan', 'Player 3', 'Player 4', 10, 5, '11 - 15', '10 - 5', 'none', 'none', 'none', '2015-06-08 22:51:23'),
(195, 'Jeff Chambers', 'Tim Ronan', 'Player 3', 'Player 4', 11, 5, '11 - 15', '11 - 5', 'none', 'none', 'none', '2015-06-08 22:51:36'),
(196, 'Jeff Chambers', 'Tim Ronan', 'Player 3', 'Player 4', 11, 6, '11 - 15', '11 - 6', 'none', 'none', 'none', '2015-06-08 22:51:47'),
(197, 'Jeff Chambers', 'Tim Ronan', 'Player 3', 'Player 4', 11, 7, '11 - 15', '11 - 7', 'none', 'none', 'none', '2015-06-08 22:51:48'),
(198, 'Jeff Chambers', 'Tim Ronan', 'Player 3', 'Player 4', 11, 8, '11 - 15', '11 - 8', 'none', 'none', 'none', '2015-06-08 22:52:18'),
(199, 'Jeff Chambers', 'Tim Ronan', 'Player 3', 'Player 4', 12, 8, '11 - 15', '12 - 8', 'none', 'none', 'none', '2015-06-08 22:52:40'),
(200, 'Jeff Chambers', 'Tim Ronan', 'Player 3', 'Player 4', 13, 8, '11 - 15', '13 - 8', 'none', 'none', 'none', '2015-06-08 22:52:40'),
(201, 'Jeff Chambers', 'Tim Ronan', 'Player 3', 'Player 4', 14, 8, '11 - 15', '14 - 8', 'none', 'none', 'none', '2015-06-08 22:53:14'),
(202, 'Jeff Chambers', 'Tim Ronan', 'Player 3', 'Player 4', 14, 9, '11 - 15', '14 - 9', 'none', 'none', 'none', '2015-06-08 22:53:23'),
(203, 'Jeff Chambers', 'Tim Ronan', 'Player 3', 'Player 4', 15, 9, '11 - 15', '15 - 9', 'none', 'none', 'none', '2015-06-08 22:53:34'),
(204, 'Jeff Chambers', 'Tim Ronan', 'Player 3', 'Player 4', 0, 1, '11 - 15', '15 - 9', '0 - 1', 'none', 'none', '2015-06-08 22:53:48'),
(205, 'Jeff Chambers', 'Tim Ronan', 'Player 3', 'Player 4', 0, 2, '11 - 15', '15 - 9', '0 - 2', 'none', 'none', '2015-06-08 22:53:57'),
(206, 'Jeff Chambers', 'Tim Ronan', 'Player 3', 'Player 4', 0, 3, '11 - 15', '15 - 9', '0 - 3', 'none', 'none', '2015-06-08 22:54:03'),
(207, 'Jeff Chambers', 'Tim Ronan', 'Player 3', 'Player 4', 0, 4, '11 - 15', '15 - 9', '0 - 4', 'none', 'none', '2015-06-08 22:54:14'),
(208, 'Jeff Chambers', 'Tim Ronan', 'Player 3', 'Player 4', 0, 5, '11 - 15', '15 - 9', '0 - 5', 'none', 'none', '2015-06-08 22:54:27'),
(209, 'Jeff Chambers', 'Tim Ronan', 'Player 3', 'Player 4', 0, 6, '11 - 15', '15 - 9', '0 - 6', 'none', 'none', '2015-06-08 22:54:35'),
(210, 'Jeff Chambers', 'Tim Ronan', 'Player 3', 'Player 4', 1, 6, '11 - 15', '15 - 9', '1 - 6', 'none', 'none', '2015-06-08 22:54:52'),
(211, 'Jeff Chambers', 'Tim Ronan', 'Player 3', 'Player 4', 1, 7, '11 - 15', '15 - 9', '1 - 7', 'none', 'none', '2015-06-08 22:55:02'),
(212, 'Jeff Chambers', 'Tim Ronan', 'Player 3', 'Player 4', 2, 7, '11 - 15', '15 - 9', '2 - 7', 'none', 'none', '2015-06-08 22:55:12'),
(213, 'Jeff Chambers', 'Tim Ronan', 'Player 3', 'Player 4', 2, 8, '11 - 15', '15 - 9', '2 - 8', 'none', 'none', '2015-06-08 22:55:31'),
(214, 'Jeff Chambers', 'Tim Ronan', 'Player 3', 'Player 4', 3, 8, '11 - 15', '15 - 9', '3 - 8', 'none', 'none', '2015-06-08 22:55:40'),
(215, 'Jeff Chambers', 'Tim Ronan', 'Player 3', 'Player 4', 4, 8, '11 - 15', '15 - 9', '4 - 8', 'none', 'none', '2015-06-08 22:55:53'),
(216, 'Jeff Chambers', 'Tim Ronan', 'Player 3', 'Player 4', 5, 8, '11 - 15', '15 - 9', '5 - 8', 'none', 'none', '2015-06-08 22:56:05'),
(217, 'Jeff Chambers', 'Tim Ronan', 'Player 3', 'Player 4', 5, 9, '11 - 15', '15 - 9', '5 - 9', 'none', 'none', '2015-06-08 22:56:13'),
(218, 'Jeff Chambers', 'Tim Ronan', 'Player 3', 'Player 4', 5, 10, '11 - 15', '15 - 9', '5 - 10', 'none', 'none', '2015-06-08 22:56:21'),
(219, 'Jeff Chambers', 'Tim Ronan', 'Player 3', 'Player 4', 6, 10, '11 - 15', '15 - 9', '6 - 10', 'none', 'none', '2015-06-08 22:56:34'),
(220, 'Jeff Chambers', 'Tim Ronan', 'Player 3', 'Player 4', 6, 11, '11 - 15', '15 - 9', '6 - 11', 'none', 'none', '2015-06-08 22:56:47'),
(221, 'Jeff Chambers', 'Tim Ronan', 'Player 3', 'Player 4', 7, 11, '11 - 15', '15 - 9', '7 - 11', 'none', 'none', '2015-06-08 22:56:57'),
(222, 'Jeff Chambers', 'Tim Ronan', 'Player 3', 'Player 4', 7, 12, '11 - 15', '15 - 9', '7 - 12', 'none', 'none', '2015-06-08 22:57:08'),
(223, 'Jeff Chambers', 'Tim Ronan', 'Player 3', 'Player 4', 8, 12, '11 - 15', '15 - 9', '8 - 12', 'none', 'none', '2015-06-08 22:57:19'),
(224, 'Jeff Chambers', 'Tim Ronan', 'Player 3', 'Player 4', 9, 12, '11 - 15', '15 - 9', '9 - 12', 'none', 'none', '2015-06-08 22:57:28'),
(225, 'Jeff Chambers', 'Tim Ronan', 'Player 3', 'Player 4', 10, 12, '11 - 15', '15 - 9', '10 - 12', 'none', 'none', '2015-06-08 22:57:37'),
(226, 'Jeff Chambers', 'Tim Ronan', 'Player 3', 'Player 4', 11, 12, '11 - 15', '15 - 9', '11 - 12', 'none', 'none', '2015-06-08 22:57:46'),
(227, 'Jeff Chambers', 'Tim Ronan', 'Player 3', 'Player 4', 11, 13, '11 - 15', '15 - 9', '11 - 13', 'none', 'none', '2015-06-08 22:57:54'),
(228, 'Jeff Chambers', 'Tim Ronan', 'Player 3', 'Player 4', 12, 13, '11 - 15', '15 - 9', '12 - 13', 'none', 'none', '2015-06-08 22:58:02'),
(229, 'Jeff Chambers', 'Tim Ronan', 'Player 3', 'Player 4', 13, 13, '11 - 15', '15 - 9', '13 - 13', 'none', 'none', '2015-06-08 22:58:14'),
(230, 'Jeff Chambers', 'Tim Ronan', 'Player 3', 'Player 4', 13, 14, '11 - 15', '15 - 9', '13 - 14', 'none', 'none', '2015-06-08 22:58:20'),
(231, 'Jeff Chambers', 'Tim Ronan', 'Player 3', 'Player 4', 14, 14, '11 - 15', '15 - 9', '14 - 14', 'none', 'none', '2015-06-08 22:58:33'),
(232, 'Jeff Chambers', 'Tim Ronan', 'Player 3', 'Player 4', 14, 15, '11 - 15', '15 - 9', '14 - 15', 'none', 'none', '2015-06-08 22:58:41'),
(233, 'Jeff Chambers', 'Tim Ronan', 'Player 3', 'Player 4', 15, 15, '11 - 15', '15 - 9', '15 - 15', 'none', 'none', '2015-06-08 22:58:50'),
(234, 'Jeff Chambers', 'Tim Ronan', 'Player 3', 'Player 4', 15, 16, '11 - 15', '15 - 9', '15 - 16', 'none', 'none', '2015-06-08 22:59:01'),
(235, 'Jeff Chambers', 'Tim Ronan', 'Player 3', 'Player 4', 16, 16, '11 - 15', '15 - 9', '16 - 16', 'none', 'none', '2015-06-08 22:59:12'),
(236, 'Jeff Chambers', 'Tim Ronan', 'Player 3', 'Player 4', 16, 17, '11 - 15', '15 - 9', '16 - 17', 'none', 'none', '2015-06-08 22:59:20'),
(237, 'Jeff Chambers', 'Tim Ronan', 'Player 3', 'Player 4', 16, 18, '11 - 15', '15 - 9', '16 - 18', 'none', 'none', '2015-06-08 22:59:35'),
(238, 'none', 'none', 'none', 'none', 0, 0, 'none', 'none', 'none', 'none', 'none', '2015-06-08 22:59:35');

-- --------------------------------------------------------

--
-- Table structure for table `games`
--

CREATE TABLE IF NOT EXISTS `games` (
  `id` int(11) NOT NULL AUTO_INCREMENT,
  `serving` int(1) NOT NULL,
  `setz` int(11) NOT NULL,
  `winner` int(1) NOT NULL,
  `time` timestamp NOT NULL DEFAULT CURRENT_TIMESTAMP,
  `body_shot` tinyint(4) NOT NULL DEFAULT '0',
  PRIMARY KEY (`id`)
) ENGINE=InnoDB  DEFAULT CHARSET=latin1 AUTO_INCREMENT=2462 ;

--
-- Dumping data for table `games`
--

INSERT INTO `games` (`id`, `serving`, `setz`, `winner`, `time`, `body_shot`) VALUES
(2110, 1, 104, 2, '2015-06-08 18:26:07', 0),
(2111, 1, 104, 2, '2015-06-08 18:26:27', 0),
(2112, 1, 104, 1, '2015-06-08 18:26:35', 0),
(2113, 2, 104, 1, '2015-06-08 18:26:47', 0),
(2114, 2, 104, 2, '2015-06-08 18:27:02', 0),
(2115, 2, 104, 1, '2015-06-08 18:27:41', 0),
(2116, 1, 104, 2, '2015-06-08 18:27:51', 0),
(2117, 1, 104, 1, '2015-06-08 18:28:07', 0),
(2118, 1, 104, 1, '2015-06-08 18:28:16', 0),
(2119, 2, 104, 1, '2015-06-08 18:28:30', 0),
(2120, 2, 104, 1, '2015-06-08 18:28:45', 0),
(2121, 1, 104, 1, '2015-06-08 18:28:53', 0),
(2122, 1, 104, 1, '2015-06-08 18:28:53', 0),
(2123, 2, 104, 2, '2015-06-08 18:28:54', 0),
(2124, 1, 104, 1, '2015-06-08 18:28:54', 0),
(2125, 2, 104, 2, '2015-06-08 18:28:57', 0),
(2126, 2, 104, 2, '2015-06-08 18:28:58', 0),
(2127, 2, 104, 2, '2015-06-08 18:28:58', 0),
(2128, 1, 104, 1, '2015-06-08 18:29:12', 0),
(2129, 1, 104, 1, '2015-06-08 18:29:13', 0),
(2130, 1, 104, 1, '2015-06-08 18:29:24', 0),
(2131, 2, 104, 2, '2015-06-08 18:34:22', 0),
(2132, 2, 104, 1, '2015-06-08 18:34:36', 0),
(2133, 2, 104, 2, '2015-06-08 18:34:45', 0),
(2134, 1, 104, 1, '2015-06-08 18:34:54', 0),
(2135, 1, 104, 1, '2015-06-08 18:35:03', 0),
(2136, 1, 104, 2, '2015-06-08 18:35:11', 0),
(2137, 2, 104, 2, '2015-06-08 18:35:24', 0),
(2138, 2, 104, 2, '2015-06-08 18:35:31', 0),
(2139, 2, 104, 2, '2015-06-08 18:35:43', 0),
(2140, 1, 104, 1, '2015-06-08 18:35:53', 0),
(2141, 1, 104, 1, '2015-06-08 18:36:01', 0),
(2142, 1, 105, 1, '2015-06-08 18:36:51', 0),
(2143, 1, 105, 2, '2015-06-08 18:36:58', 0),
(2144, 1, 105, 1, '2015-06-08 18:36:59', 0),
(2145, 2, 105, 1, '2015-06-08 18:37:53', 0),
(2146, 2, 105, 2, '2015-06-08 18:37:56', 0),
(2147, 2, 105, 1, '2015-06-08 18:38:11', 0),
(2148, 1, 105, 1, '2015-06-08 18:38:20', 0),
(2149, 1, 105, 1, '2015-06-08 18:38:30', 0),
(2150, 1, 105, 1, '2015-06-08 18:38:40', 0),
(2151, 2, 105, 1, '2015-06-08 18:38:50', 0),
(2152, 2, 105, 2, '2015-06-08 18:39:02', 0),
(2153, 2, 105, 1, '2015-06-08 18:39:21', 0),
(2154, 1, 105, 1, '2015-06-08 18:39:31', 0),
(2155, 1, 105, 2, '2015-06-08 18:39:39', 0),
(2156, 1, 105, 1, '2015-06-08 18:39:46', 0),
(2157, 2, 105, 2, '2015-06-08 18:39:59', 0),
(2158, 2, 105, 1, '2015-06-08 18:40:16', 0),
(2159, 2, 105, 1, '2015-06-08 18:40:28', 0),
(2160, 1, 105, 1, '2015-06-08 18:40:45', 0),
(2161, 1, 105, 1, '2015-06-08 18:40:51', 0),
(2162, 2, 106, 1, '2015-06-08 18:49:49', 0),
(2163, 2, 106, 2, '2015-06-08 18:50:01', 0),
(2164, 2, 106, 2, '2015-06-08 18:50:17', 0),
(2165, 2, 106, 1, '2015-06-08 18:50:43', 0),
(2166, 2, 106, 2, '2015-06-08 18:50:53', 0),
(2167, 3, 106, 1, '2015-06-08 18:51:05', 0),
(2168, 3, 106, 2, '2015-06-08 18:51:13', 0),
(2169, 3, 106, 1, '2015-06-08 18:51:31', 0),
(2170, 3, 106, 1, '2015-06-08 18:51:40', 0),
(2171, 3, 106, 2, '2015-06-08 18:51:54', 0),
(2172, 4, 106, 1, '2015-06-08 18:52:14', 0),
(2173, 4, 106, 1, '2015-06-08 18:52:26', 0),
(2174, 4, 106, 1, '2015-06-08 18:52:36', 0),
(2175, 4, 106, 1, '2015-06-08 18:52:43', 0),
(2176, 4, 106, 1, '2015-06-08 18:52:56', 0),
(2177, 1, 106, 2, '2015-06-08 18:53:07', 0),
(2178, 1, 106, 2, '2015-06-08 18:53:17', 0),
(2179, 1, 106, 2, '2015-06-08 18:53:23', 0),
(2180, 1, 106, 2, '2015-06-08 18:53:36', 0),
(2181, 1, 106, 2, '2015-06-08 18:53:46', 0),
(2182, 2, 106, 1, '2015-06-08 18:54:00', 0),
(2183, 2, 106, 1, '2015-06-08 18:54:12', 0),
(2184, 2, 106, 2, '2015-06-08 18:54:22', 0),
(2185, 2, 106, 2, '2015-06-08 18:54:33', 0),
(2186, 2, 106, 2, '2015-06-08 18:54:45', 0),
(2187, 3, 106, 1, '2015-06-08 18:54:55', 0),
(2188, 3, 106, 1, '2015-06-08 18:55:05', 0),
(2189, 3, 106, 1, '2015-06-08 18:55:15', 0),
(2190, 3, 106, 2, '2015-06-08 18:55:24', 0),
(2191, 3, 106, 2, '2015-06-08 18:55:37', 0),
(2192, 4, 106, 1, '2015-06-08 18:55:53', 0),
(2193, 4, 106, 1, '2015-06-08 18:56:07', 0),
(2194, 4, 106, 1, '2015-06-08 18:56:20', 0),
(2195, 4, 106, 2, '2015-06-08 18:56:35', 0),
(2196, 4, 106, 2, '2015-06-08 18:56:47', 0),
(2197, 1, 106, 2, '2015-06-08 18:57:01', 0),
(2198, 1, 106, 2, '2015-06-08 18:57:13', 0),
(2199, 1, 106, 2, '2015-06-08 18:57:25', 0),
(2200, 1, 106, 1, '2015-06-08 18:57:38', 0),
(2201, 1, 106, 2, '2015-06-08 18:57:55', 0),
(2202, 2, 107, 2, '2015-06-08 18:58:10', 0),
(2203, 2, 107, 2, '2015-06-08 18:58:27', 0),
(2204, 2, 107, 1, '2015-06-08 18:58:37', 0),
(2205, 2, 107, 2, '2015-06-08 18:59:01', 0),
(2206, 2, 107, 2, '2015-06-08 18:59:13', 0),
(2207, 3, 107, 2, '2015-06-08 19:03:52', 0),
(2208, 3, 107, 2, '2015-06-08 19:04:06', 0),
(2209, 4, 107, 1, '2015-06-08 19:04:18', 0),
(2210, 4, 107, 2, '2015-06-08 19:04:26', 0),
(2211, 4, 107, 2, '2015-06-08 19:04:37', 0),
(2212, 4, 107, 1, '2015-06-08 19:04:48', 0),
(2213, 4, 107, 1, '2015-06-08 19:04:59', 0),
(2214, 1, 107, 2, '2015-06-08 19:05:11', 0),
(2215, 1, 107, 2, '2015-06-08 19:05:24', 0),
(2216, 1, 107, 1, '2015-06-08 19:05:37', 0),
(2217, 1, 107, 1, '2015-06-08 19:05:48', 0),
(2218, 1, 107, 2, '2015-06-08 19:05:57', 0),
(2305, 2, 108, 1, '2015-06-08 22:07:40', 0),
(2306, 2, 108, 1, '2015-06-08 22:07:58', 0),
(2307, 2, 108, 2, '2015-06-08 22:08:08', 0),
(2308, 2, 108, 1, '2015-06-08 22:08:19', 0),
(2309, 2, 108, 2, '2015-06-08 22:08:26', 0),
(2310, 3, 108, 1, '2015-06-08 22:08:39', 0),
(2311, 3, 108, 2, '2015-06-08 22:08:56', 0),
(2312, 3, 108, 2, '2015-06-08 22:09:18', 0),
(2313, 3, 108, 2, '2015-06-08 22:09:29', 0),
(2314, 3, 108, 1, '2015-06-08 22:09:40', 0),
(2315, 4, 108, 2, '2015-06-08 22:09:52', 0),
(2316, 4, 108, 1, '2015-06-08 22:10:04', 0),
(2317, 4, 108, 2, '2015-06-08 22:10:15', 0),
(2318, 4, 108, 2, '2015-06-08 22:10:24', 0),
(2319, 4, 108, 2, '2015-06-08 22:10:40', 0),
(2320, 1, 108, 2, '2015-06-08 22:10:52', 0),
(2321, 1, 108, 1, '2015-06-08 22:11:00', 0),
(2322, 1, 108, 1, '2015-06-08 22:11:10', 0),
(2323, 1, 108, 1, '2015-06-08 22:11:22', 0),
(2324, 1, 108, 2, '2015-06-08 22:11:33', 0),
(2325, 2, 108, 1, '2015-06-08 22:11:49', 0),
(2326, 2, 108, 2, '2015-06-08 22:11:59', 0),
(2327, 2, 108, 1, '2015-06-08 22:12:09', 0),
(2328, 2, 108, 1, '2015-06-08 22:12:17', 0),
(2329, 2, 108, 2, '2015-06-08 22:12:25', 0),
(2330, 3, 108, 1, '2015-06-08 22:12:40', 0),
(2331, 3, 108, 1, '2015-06-08 22:12:52', 0),
(2332, 3, 108, 2, '2015-06-08 22:13:00', 0),
(2333, 3, 108, 1, '2015-06-08 22:13:12', 0),
(2334, 3, 108, 1, '2015-06-08 22:13:24', 0),
(2335, 4, 108, 2, '2015-06-08 22:13:32', 0),
(2336, 4, 108, 1, '2015-06-08 22:13:50', 0),
(2337, 4, 108, 2, '2015-06-08 22:14:01', 0),
(2338, 4, 108, 2, '2015-06-08 22:14:13', 0),
(2339, 4, 108, 2, '2015-06-08 22:14:23', 0),
(2340, 1, 108, 2, '2015-06-08 22:14:38', 0),
(2341, 1, 108, 1, '2015-06-08 22:14:49', 0),
(2342, 1, 108, 1, '2015-06-08 22:14:59', 0),
(2343, 1, 108, 1, '2015-06-08 22:15:08', 0),
(2344, 1, 108, 1, '2015-06-08 22:15:24', 0),
(2345, 1, 109, 1, '2015-06-08 22:16:10', 0),
(2346, 1, 109, 2, '2015-06-08 22:16:31', 0),
(2347, 1, 109, 1, '2015-06-08 22:16:41', 0),
(2348, 1, 109, 2, '2015-06-08 22:16:54', 0),
(2349, 1, 109, 1, '2015-06-08 22:17:02', 0),
(2350, 2, 109, 1, '2015-06-08 22:17:24', 0),
(2351, 2, 109, 2, '2015-06-08 22:17:32', 0),
(2352, 2, 109, 2, '2015-06-08 22:17:33', 0),
(2353, 2, 109, 1, '2015-06-08 22:17:53', 0),
(2354, 2, 109, 1, '2015-06-08 22:18:03', 0),
(2355, 3, 109, 1, '2015-06-08 22:18:12', 0),
(2356, 3, 109, 1, '2015-06-08 22:18:30', 0),
(2357, 3, 109, 2, '2015-06-08 22:18:42', 0),
(2358, 3, 109, 2, '2015-06-08 22:19:04', 0),
(2359, 3, 109, 2, '2015-06-08 22:19:20', 0),
(2360, 4, 109, 1, '2015-06-08 22:19:36', 0),
(2361, 4, 109, 1, '2015-06-08 22:19:49', 0),
(2362, 4, 109, 1, '2015-06-08 22:20:00', 0),
(2363, 4, 109, 2, '2015-06-08 22:20:18', 0),
(2364, 4, 109, 2, '2015-06-08 22:20:30', 0),
(2365, 1, 109, 1, '2015-06-08 22:20:49', 0),
(2366, 1, 109, 1, '2015-06-08 22:20:58', 0),
(2367, 1, 109, 1, '2015-06-08 22:21:07', 0),
(2368, 1, 109, 2, '2015-06-08 22:21:17', 0),
(2369, 1, 109, 1, '2015-06-08 22:21:28', 0),
(2370, 2, 109, 1, '2015-06-08 22:21:41', 0),
(2371, 2, 109, 2, '2015-06-08 22:21:51', 0),
(2372, 2, 109, 1, '2015-06-08 22:22:01', 0),
(2373, 2, 109, 2, '2015-06-08 22:22:12', 0),
(2374, 2, 109, 1, '2015-06-08 22:22:24', 0),
(2375, 3, 109, 1, '2015-06-08 22:22:38', 0),
(2376, 3, 109, 1, '2015-06-08 22:23:05', 0),
(2377, 3, 109, 1, '2015-06-08 22:23:18', 0),
(2378, 1, 114, 2, '2015-06-08 22:43:38', 0),
(2379, 1, 114, 2, '2015-06-08 22:43:51', 0),
(2380, 1, 114, 1, '2015-06-08 22:44:02', 0),
(2381, 2, 114, 2, '2015-06-08 22:44:07', 0),
(2382, 2, 114, 1, '2015-06-08 22:44:24', 0),
(2383, 2, 114, 1, '2015-06-08 22:44:30', 0),
(2384, 1, 114, 1, '2015-06-08 22:44:39', 0),
(2385, 1, 114, 1, '2015-06-08 22:44:48', 0),
(2386, 1, 114, 2, '2015-06-08 22:44:56', 0),
(2387, 2, 114, 2, '2015-06-08 22:45:10', 0),
(2388, 2, 114, 2, '2015-06-08 22:45:20', 0),
(2389, 2, 114, 2, '2015-06-08 22:45:29', 0),
(2390, 1, 114, 2, '2015-06-08 22:45:39', 0),
(2391, 1, 114, 1, '2015-06-08 22:45:47', 0),
(2392, 1, 114, 2, '2015-06-08 22:45:54', 0),
(2393, 2, 114, 2, '2015-06-08 22:46:13', 0),
(2394, 2, 114, 1, '2015-06-08 22:46:27', 0),
(2395, 2, 114, 2, '2015-06-08 22:46:38', 0),
(2396, 1, 114, 2, '2015-06-08 22:46:50', 0),
(2397, 1, 114, 1, '2015-06-08 22:47:06', 0),
(2398, 1, 114, 1, '2015-06-08 22:47:14', 0),
(2399, 2, 114, 2, '2015-06-08 22:47:27', 0),
(2400, 2, 114, 2, '2015-06-08 22:47:44', 0),
(2401, 2, 114, 1, '2015-06-08 22:47:54', 0),
(2402, 1, 114, 1, '2015-06-08 22:48:04', 0),
(2403, 1, 114, 2, '2015-06-08 22:48:16', 0),
(2404, 2, 115, 1, '2015-06-08 22:48:27', 0),
(2405, 2, 115, 1, '2015-06-08 22:48:45', 0),
(2406, 2, 115, 2, '2015-06-08 22:48:56', 0),
(2407, 1, 115, 2, '2015-06-08 22:49:04', 0),
(2408, 1, 115, 1, '2015-06-08 22:49:15', 0),
(2409, 1, 115, 1, '2015-06-08 22:49:22', 0),
(2410, 2, 115, 2, '2015-06-08 22:49:36', 0),
(2411, 2, 115, 1, '2015-06-08 22:49:52', 0),
(2412, 2, 115, 2, '2015-06-08 22:50:02', 0),
(2413, 1, 115, 1, '2015-06-08 22:50:22', 0),
(2414, 1, 115, 2, '2015-06-08 22:50:34', 0),
(2415, 1, 115, 1, '2015-06-08 22:50:47', 0),
(2416, 2, 115, 1, '2015-06-08 22:51:01', 0),
(2417, 2, 115, 1, '2015-06-08 22:51:09', 0),
(2418, 2, 115, 1, '2015-06-08 22:51:23', 0),
(2419, 1, 115, 1, '2015-06-08 22:51:36', 0),
(2420, 1, 115, 2, '2015-06-08 22:51:47', 0),
(2421, 1, 115, 2, '2015-06-08 22:51:48', 0),
(2422, 2, 115, 2, '2015-06-08 22:52:18', 0),
(2423, 2, 115, 1, '2015-06-08 22:52:40', 0),
(2424, 2, 115, 1, '2015-06-08 22:52:40', 0),
(2425, 1, 115, 1, '2015-06-08 22:53:14', 0),
(2426, 1, 115, 2, '2015-06-08 22:53:23', 0),
(2427, 1, 115, 1, '2015-06-08 22:53:34', 0),
(2428, 1, 116, 2, '2015-06-08 22:53:48', 0),
(2429, 1, 116, 2, '2015-06-08 22:53:57', 0),
(2430, 1, 116, 2, '2015-06-08 22:54:03', 0),
(2431, 2, 116, 2, '2015-06-08 22:54:14', 0),
(2432, 2, 116, 2, '2015-06-08 22:54:27', 0),
(2433, 2, 116, 2, '2015-06-08 22:54:35', 0),
(2434, 1, 116, 1, '2015-06-08 22:54:52', 0),
(2435, 1, 116, 2, '2015-06-08 22:55:02', 0),
(2436, 1, 116, 1, '2015-06-08 22:55:12', 0),
(2437, 2, 116, 2, '2015-06-08 22:55:31', 0),
(2438, 2, 116, 1, '2015-06-08 22:55:40', 0),
(2439, 2, 116, 1, '2015-06-08 22:55:53', 0),
(2440, 1, 116, 1, '2015-06-08 22:56:05', 0),
(2441, 1, 116, 2, '2015-06-08 22:56:13', 0),
(2442, 1, 116, 2, '2015-06-08 22:56:21', 0),
(2443, 2, 116, 1, '2015-06-08 22:56:34', 0),
(2444, 2, 116, 2, '2015-06-08 22:56:47', 0),
(2445, 2, 116, 1, '2015-06-08 22:56:57', 0),
(2446, 1, 116, 2, '2015-06-08 22:57:08', 0),
(2447, 1, 116, 1, '2015-06-08 22:57:19', 0),
(2448, 1, 116, 1, '2015-06-08 22:57:28', 0),
(2449, 2, 116, 1, '2015-06-08 22:57:37', 0),
(2450, 2, 116, 1, '2015-06-08 22:57:46', 0),
(2451, 2, 116, 2, '2015-06-08 22:57:54', 0),
(2452, 1, 116, 1, '2015-06-08 22:58:02', 0),
(2453, 1, 116, 1, '2015-06-08 22:58:14', 0),
(2454, 1, 116, 2, '2015-06-08 22:58:20', 0),
(2455, 2, 116, 1, '2015-06-08 22:58:33', 0),
(2456, 2, 116, 2, '2015-06-08 22:58:41', 0),
(2457, 2, 116, 1, '2015-06-08 22:58:50', 0),
(2458, 1, 116, 2, '2015-06-08 22:59:01', 0),
(2459, 1, 116, 1, '2015-06-08 22:59:12', 0),
(2460, 1, 116, 2, '2015-06-08 22:59:20', 0),
(2461, 2, 116, 2, '2015-06-08 22:59:35', 0);

-- --------------------------------------------------------

--
-- Table structure for table `matchz`
--

CREATE TABLE IF NOT EXISTS `matchz` (
  `id` int(11) NOT NULL AUTO_INCREMENT,
  `p1` int(11) NOT NULL,
  `p2` int(11) NOT NULL,
  `p3` int(11) NOT NULL,
  `p4` int(11) NOT NULL,
  `p1r` int(11) NOT NULL,
  `p2r` int(11) NOT NULL,
  `p3r` int(11) NOT NULL,
  `p4r` int(11) NOT NULL,
  `sets` int(2) NOT NULL,
  `games` int(2) NOT NULL,
  `initiated` timestamp NOT NULL DEFAULT CURRENT_TIMESTAMP,
  PRIMARY KEY (`id`)
) ENGINE=InnoDB  DEFAULT CHARSET=latin1 AUTO_INCREMENT=250 ;

--
-- Dumping data for table `matchz`
--

INSERT INTO `matchz` (`id`, `p1`, `p2`, `p3`, `p4`, `p1r`, `p2r`, `p3r`, `p4r`, `sets`, `games`, `initiated`) VALUES
(228, 8, 10, 0, 0, 25, 25, 0, 0, 3, 15, '2015-06-08 18:22:45'),
(230, 3, 2, 1, 4, 25, 25, 25, 25, 3, 21, '2015-06-08 18:49:23'),
(248, 3, 2, 1, 4, 25, 25, 25, 25, 3, 21, '2015-06-08 22:06:29'),
(249, 8, 10, 0, 0, 25, 25, 0, 0, 3, 15, '2015-06-08 22:43:18');

-- --------------------------------------------------------

--
-- Table structure for table `players`
--

CREATE TABLE IF NOT EXISTS `players` (
  `id` int(11) NOT NULL AUTO_INCREMENT,
  `name` varchar(100) NOT NULL,
  `nickname` varchar(100) NOT NULL,
  `ronan_rating` int(3) NOT NULL,
  `date_added` timestamp NOT NULL DEFAULT CURRENT_TIMESTAMP,
  PRIMARY KEY (`id`)
) ENGINE=InnoDB  DEFAULT CHARSET=latin1 AUTO_INCREMENT=11 ;

--
-- Dumping data for table `players`
--

INSERT INTO `players` (`id`, `name`, `nickname`, `ronan_rating`, `date_added`) VALUES
(1, 'Brian Beltz', 'Beltz', 25, '2015-06-02 21:28:10'),
(2, 'Kiernan Hopkins', 'Sports Star', 25, '2015-06-02 21:29:26'),
(3, 'Ryan Asignacion', 'SLAM!', 25, '2015-06-02 21:32:30'),
(4, 'David Perez', 'si, es guapo', 25, '2015-06-02 21:34:08'),
(5, 'Mike Perez', 'CEO, bitches.', 25, '2015-06-02 21:34:30'),
(6, 'Isaac Perez', 'Haha, I win.', 25, '2015-06-02 21:34:49'),
(7, 'Derek Sanders', 'Im not flexing.', 25, '2015-06-02 21:35:28'),
(8, 'Jeff Chambers', 'BACKHAND --- thats in my baggy.', 25, '2015-06-02 21:36:39'),
(9, 'Robert Tindula', 'SEO-No', 25, '2015-06-02 21:38:06'),
(10, 'Tim Ronan', 'Ping Pong King Kong', 25, '2015-06-02 21:39:41');

-- --------------------------------------------------------

--
-- Table structure for table `ratings`
--

CREATE TABLE IF NOT EXISTS `ratings` (
  `id` int(11) NOT NULL AUTO_INCREMENT,
  `player` int(11) NOT NULL,
  `date` timestamp NOT NULL DEFAULT CURRENT_TIMESTAMP,
  `rating` int(3) NOT NULL,
  PRIMARY KEY (`id`)
) ENGINE=InnoDB DEFAULT CHARSET=latin1 AUTO_INCREMENT=1 ;

-- --------------------------------------------------------

--
-- Table structure for table `setz`
--

CREATE TABLE IF NOT EXISTS `setz` (
  `id` int(11) NOT NULL AUTO_INCREMENT,
  `matchz` int(11) NOT NULL,
  `team1` int(2) NOT NULL,
  `team2` int(2) NOT NULL,
  `start` varchar(20) NOT NULL,
  `finish` timestamp NOT NULL DEFAULT CURRENT_TIMESTAMP,
  PRIMARY KEY (`id`)
) ENGINE=InnoDB  DEFAULT CHARSET=latin1 AUTO_INCREMENT=117 ;

--
-- Dumping data for table `setz`
--

INSERT INTO `setz` (`id`, `matchz`, `team1`, `team2`, `start`, `finish`) VALUES
(103, 0, 0, 0, '0', '2015-06-08 16:43:53'),
(104, 228, 15, 11, '2015-06-08 10:22:45', '2015-06-08 18:36:01'),
(105, 228, 15, 5, '2015-06-08 10:22:45', '2015-06-08 18:40:51'),
(106, 230, 19, 21, '2015-06-08 10:49:23', '2015-06-08 18:57:55'),
(107, 230, 19, 21, '2015-06-08 10:49:23', '2015-06-08 19:05:57'),
(112, 248, 21, 19, '2015-06-08 14:06:29', '2015-06-08 22:15:24'),
(113, 248, 21, 12, '2015-06-08 14:06:29', '2015-06-08 22:23:18'),
(114, 249, 11, 15, '2015-06-08 14:43:18', '2015-06-08 22:48:16'),
(115, 249, 15, 9, '2015-06-08 14:43:18', '2015-06-08 22:53:34'),
(116, 249, 16, 18, '2015-06-08 14:43:18', '2015-06-08 22:59:35');

/*!40101 SET CHARACTER_SET_CLIENT=@OLD_CHARACTER_SET_CLIENT */;
/*!40101 SET CHARACTER_SET_RESULTS=@OLD_CHARACTER_SET_RESULTS */;
/*!40101 SET COLLATION_CONNECTION=@OLD_COLLATION_CONNECTION */;
